姓名,性別,Email,國籍
Mr Stephen Mccoy,male,stephen.mccoy@example.com,Australia
Mademoiselle Marcia David,female,marcia.david@example.com,Switzerland
Ms Amelia Mitchell,female,amelia.mitchell@example.com,Canada
Mrs Eleonora Srejović,female,eleonora.srejovic@example.com,Serbia
Mr José Manuél Mateo,male,josemanuel.mateo@example.com,Mexico
Mr Edgar Mendoza,male,edgar.mendoza@example.com,Ireland
Mr Alejandro Rubio,male,alejandro.rubio@example.com,Spain
Mrs Poppy Thomas,female,poppy.thomas@example.com,New Zealand
Mr Roope Joki,male,roope.joki@example.com,Finland
Ms Iepistimiya Polyak,female,iepistimiya.polyak@example.com,Ukraine
